{
    "welcome": "Welcome to our website!",
    "change_language": "Change Language",
    "Home": "Home",
    "About": "About",
    "LOGO": "LOGO",
    "Mens Cotton Jacket": "Mens Cotton Jacket",
    "price": "Price",
    "title": "Title",
    "cart": "Cart",
    "Fjallraven - Foldsack No. 1 Backpack, Fits 15 Laptops": "Fjallraven - Foldsack No. 1 Backpack, Fits 15 Laptops",
   
    "Mens Casual Slim Fit": "Mens Casual Slim Fit",
    "John Hardy Women's Legends Naga Gold & Silver Dragon Station Chain Bracelet": "John Hardy Women's Legends Naga Gold & Silver Dragon Station Chain Bracelet",
    "Solid Gold Petite Micropave": "Solid Gold Petite Micropave",
    "White Gold Plated Princess": "White Gold Plated Princess",
    "Pierced Owl Rose Gold Plated Stainless Steel Double": "Pierced Owl Rose Gold Plated Stainless Steel Double",
    "WD 2TB Elements Portable External Hard Drive": "WD 2TB Elements Portable External Hard Drive",
    "SanDisk SSD PLUS 1TB Internal SSD": "SanDisk SSD PLUS 1TB Internal SSD",
    "Silicon Power 256GB SSD 3D NAND A55 SLC Cache Performance Boost SATA III 2.5":"Silicon Power 256GB SSD 3D NAND A55 SLC Cache Performance Boost SATA III 2.5",
    "WD 4TB Gaming Drive Works with Playstation 4 Portable External Hard Drive":"WD 4TB Gaming Drive Works with Playstation 4 Portable External Hard Drive"
  }
  