{
    "welcome": "مرحبًا بكم في موقعنا!",
    "change_language": "تغيير اللغة",
    "Home": "بيت",
    "About": "عن",
    "LOGO": "الشعار",
    "price": "السعر",
    "title": "العنوان",
    "cart": "عربة التسوق",
    "Mens Cotton Jacket": "سترة قطن رجالي",
    
    "Mens Casual Slim Fit": "ملابس رجالية كاجوال سليم فيت",
    "John Hardy Women's Legends Naga Gold & Silver Dragon Station Chain Bracelet": "سلسلة دراجون للنساء من جون هاردي من الذهب والفضة",
    "Solid Gold Petite Micropave": "ميكرو بافيه من الذهب الصلب",
    "White Gold Plated Princess": "خاتم أميرتي من الذهب الأبيض المطلي",
    "Pierced Owl Rose Gold Plated Stainless Steel Double": "دبل حلق من الفولاذ المقاوم للصدأ مع طلاء وردي من الذهب",
   "WD 2TB Elements Portable External Hard Drive": "وقطب النصر القرص الصلب الخارجي المحمول",
    "SanDisk SSD PLUS 1TB Internal SSD": "قرص SSD داخلي SanDisk SSD PLUS بسعة 1 تيرابايت",
    "Fjallraven - Foldsack No. 1 Backpack, Fits 15 Laptops": "حقيبة ظهر Fjallraven - Foldsack رقم 1، تتسع لـ 15 جهاز كمبيوتر محمول",
    "Silicon Power 256GB SSD 3D NAND A55 SLC Cache Performance Boost SATA III 2.5":"وحدة تخزين SSD سعة 256 جيجابايت من Silicon Power بتقنية 3D NAND A55 SLC Cache Performance Boost SATA III 2.5",
    "WD 4TB Gaming Drive Works with Playstation 4 Portable External Hard Drive":"محرك أقراص WD 4TB للألعاب يعمل مع محرك الأقراص الصلبة الخارجي المحمول لجهاز Playstation 4"
  }
  